userPrincipalName,SamAccountName,Name,GivenName,Surname,Title,Department,Company,EmailAddress,Description,Country;;;;;;;;;;;;;;
romeo@jcastillo.com,romeo,Romeo Castillo,Romeo,Castillo,Analista de ciberseguridad,Tecnologia,TAR-get,romeo.castillo@jcastillo.com,Usuario de jcastillo,Colombia;;;;;;;;;;;;;;
mperez@jcastillo.com,mperez,Maria Perez,Maria,Perez,Especialista en Redes,Tecnologia,TAR-get,maria.perez@jcastillo.com,Usuario de jcastillo,Colombia;;;;;;;;;;;;;;
cgomez@jcastillo.com,cgomez,Carlos Gomez,Carlos,Gomez,Desarrollador Software,Tecnologia,TAR-get,carlos.gomez@jcastillo.com,Usuario de jcastillo,Colombia;;;;;;;;;;;;;;
arodriguez@jcastillo.com,arodriguez,Ana Rodriguez,Ana,Rodriguez,Analista de Soporte,Tecnologia,TAR-get,ana.rodriguez@jcastillo.com,Usuario de jcastillo,Colombia;;;;;;;;;;;;;;
lmartinez@jcastillo.com,lmartinez,Luis Martinez,Luis,Martinez,Administrador de BD,Tecnologia,TAR-get,luis.martinez@jcastillo.com,Usuario de jcastillo,Colombia;;;;;;;;;;;;;;
sgarcia@jcastillo.com,sgarcia,Sofia Garcia,Sofia,Garcia,Ingeniera DevOps,Tecnologia,TAR-get,sofia.garcia@jcastillo.com,Usuario de jcastillo,Colombia;;;;;;;;;;;;;;
jlopez@jcastillo.com,jlopez,Jorge Lopez,Jorge,Lopez,Arquitecto de Nube,Tecnologia,TAR-get,jorge.lopez@jcastillo.com,Usuario de jcastillo,Colombia;;;;;;;;;;;;;;
vhernandez@jcastillo.com,vhernandez,Valentina Hernandez,Valentina,Hernandez,Coordinadora de TI,Tecnologia,TAR-get,valentina.hernandez@jcastillo.com,Usuario de jcastillo,Colombia;;;;;;;;;;;;;;
dramirez@jcastillo.com,dramirez,Diego Ramirez,Diego,Ramirez,Especialista Infraestructura,Tecnologia,TAR-get,diego.ramirez@jcastillo.com,Usuario de jcastillo,Colombia;;;;;;;;;;;;;;
ctorres@jcastillo.com,ctorres,Camila Torres,Camila,Torres,Analista de Datos,Tecnologia,TAR-get,camila.torres@jcastillo.com,Usuario de jcastillo,Colombia;;;;;;;;;;;;;;
